{
  "ExamWritePadSettings": [
    {
      "Setting_Name": "AD_Auth_Pass",
      "Setting_Value": ""
    },
    {
      "Setting_Name": "AD_Auth_User",
      "Setting_Value": ""
    },
    {
      "Setting_Name": "AD_GetCandidateNames",
      "Setting_Value": "0"
    },
    {
      "Setting_Name": "AD_GetCandidateNumberFromADField",
      "Setting_Value": ""
    },
    {
      "Setting_Name": "AD_LDAPServer",
      "Setting_Value": ""
    },
    {
      "Setting_Name": "AD_OU",
      "Setting_Value": ""
    },
    {
      "Setting_Name": "AddComputerNameToBackupFilename",
      "Setting_Value": "0"
    },
    {
      "Setting_Name": "AddDateTimeStampToFilename",
      "Setting_Value": "0"
    },
    {
      "Setting_Name": "AllowAlphaNumericCandidateNames",
      "Setting_Value": "0"
    },
    {
      "Setting_Name": "AllowAlphaNumericCandidateNumbers",
      "Setting_Value": "0"
    },
    {
      "Setting_Name": "AllowLongCandidateNumber",
      "Setting_Value": "0"
    },
    {
      "Setting_Name": "AllowMultipleInstances",
      "Setting_Value": "0"
    },
    {
      "Setting_Name": "AssemblyChecking",
      "Setting_Value": "1"
    },
    {
      "Setting_Name": "AutoBackup",
      "Setting_Value": "1"
    },
    {
      "Setting_Name": "AutoBackupInterval",
      "Setting_Value": "60000"
    },
    {
      "Setting_Name": "AutoSave",
      "Setting_Value": "1"
    },
    {
      "Setting_Name": "AutoSaveInterval",
      "Setting_Value": "60000"
    },
    {
      "Setting_Name": "CandidateInfo_ComponentUnit_Hidden",
      "Setting_Value": "1"
    },
    {
      "Setting_Name": "CandidateInfo_ComponentUnit_Required",
      "Setting_Value": "0"
    },
    {
      "Setting_Name": "CandidateInfo_ExamBoard_Hidden",
      "Setting_Value": "1"
    },
    {
      "Setting_Name": "CandidateInfo_ExamBoard_Required",
      "Setting_Value": "0"
    },
    {
      "Setting_Name": "CandidateInfo_Subject_Hidden",
      "Setting_Value": "0"
    },
    {
      "Setting_Name": "CandidateInfo_Subject_Required",
      "Setting_Value": "1"
    },
    {
      "Setting_Name": "CandidateInfo_SyllabusEntry_Hidden",
      "Setting_Value": "1"
    },
    {
      "Setting_Name": "CandidateInfo_SyllabusEntry_Required",
      "Setting_Value": "0"
    },
    {
      "Setting_Name": "ClearClipboardOnLaunch",
      "Setting_Value": "1"
    },
    {
      "Setting_Name": "DebugApplication",
      "Setting_Value": "0"
    },
    {
      "Setting_Name": "DefaultBackupPath",
      "Setting_Value": "%HomeDrive%\\Exams"
    },
    {
      "Setting_Name": "DefaultExportPath",
      "Setting_Value": "%UserProfile%\\Exams"
    },
    {
      "Setting_Name": "DefaultOpenPath",
      "Setting_Value": "%UserProfile%\\Exams"
    },
    {
      "Setting_Name": "DefaultSavePath",
      "Setting_Value": "%UserProfile%\\Exams"
    },
    {
      "Setting_Name": "Disable_Btn_TestDefaultPrinter",
      "Setting_Value": "0"
    },
    {
      "Setting_Name": "Disable_ContextMenu",
      "Setting_Value": "0"
    },
    {
      "Setting_Name": "Disable_CountdownTimer",
      "Setting_Value": "1"
    },
    {
      "Setting_Name": "Disable_DateTimeClock",
      "Setting_Value": "0"
    },
    {
      "Setting_Name": "Disable_DisplayFontPreview",
      "Setting_Value": "0"
    },
    {
      "Setting_Name": "Disable_FilePathOnRibbon",
      "Setting_Value": "0"
    },
    {
      "Setting_Name": "Disable_FilePathOnWindowTitleBar",
      "Setting_Value": "0"
    },
    {
      "Setting_Name": "Disable_GoToPage",
      "Setting_Value": "0"
    },
    {
      "Setting_Name": "Disable_KeyCombo_CTRLN",
      "Setting_Value": "0"
    },
    {
      "Setting_Name": "Disable_KeyCombo_CTRLO",
      "Setting_Value": "0"
    },
    {
      "Setting_Name": "Disable_KeyCombo_CTRLW",
      "Setting_Value": "0"
    },
    {
      "Setting_Name": "Disable_Narrator",
      "Setting_Value": "0"
    },
    {
      "Setting_Name": "Disable_Panel_QuickFormatting",
      "Setting_Value": "0"
    },
    {
      "Setting_Name": "Disable_Ribbon_Btn_AccentsSymbols",
      "Setting_Value": "0"
    },
    {
      "Setting_Name": "Disable_Ribbon_Btn_AlignCentre",
      "Setting_Value": "0"
    },
    {
      "Setting_Name": "Disable_Ribbon_Btn_AlignLeft",
      "Setting_Value": "0"
    },
    {
      "Setting_Name": "Disable_Ribbon_Btn_AlignRight",
      "Setting_Value": "0"
    },
    {
      "Setting_Name": "Disable_Ribbon_Btn_Bold",
      "Setting_Value": "0"
    },
    {
      "Setting_Name": "Disable_Ribbon_Btn_CDPlayer",
      "Setting_Value": "0"
    },
    {
      "Setting_Name": "Disable_Ribbon_Btn_CustomSpacing",
      "Setting_Value": "0"
    },
    {
      "Setting_Name": "Disable_Ribbon_Btn_DateTime",
      "Setting_Value": "0"
    },
    {
      "Setting_Name": "Disable_Ribbon_Btn_DocFillScreen",
      "Setting_Value": "0"
    },
    {
      "Setting_Name": "Disable_Ribbon_Btn_ExportDOCX",
      "Setting_Value": "0"
    },
    {
      "Setting_Name": "Disable_Ribbon_Btn_ExportTXT",
      "Setting_Value": "0"
    },
    {
      "Setting_Name": "Disable_Ribbon_Btn_ExtraTime",
      "Setting_Value": "0"
    },
    {
      "Setting_Name": "Disable_Ribbon_Btn_FindReplace",
      "Setting_Value": "0"
    },
    {
      "Setting_Name": "Disable_Ribbon_Btn_FontColour",
      "Setting_Value": "0"
    },
    {
      "Setting_Name": "Disable_Ribbon_Btn_Help",
      "Setting_Value": "0"
    },
    {
      "Setting_Name": "Disable_Ribbon_Btn_Image",
      "Setting_Value": "0"
    },
    {
      "Setting_Name": "Disable_Ribbon_Btn_IndentLeft",
      "Setting_Value": "0"
    },
    {
      "Setting_Name": "Disable_Ribbon_Btn_IndentLeftDecrease",
      "Setting_Value": "0"
    },
    {
      "Setting_Name": "Disable_Ribbon_Btn_IndentRight",
      "Setting_Value": "0"
    },
    {
      "Setting_Name": "Disable_Ribbon_Btn_IndentRightDecrease",
      "Setting_Value": "0"
    },
    {
      "Setting_Name": "Disable_Ribbon_Btn_Italic",
      "Setting_Value": "0"
    },
    {
      "Setting_Name": "Disable_Ribbon_Btn_Justify",
      "Setting_Value": "0"
    },
    {
      "Setting_Name": "Disable_Ribbon_Btn_List",
      "Setting_Value": "0"
    },
    {
      "Setting_Name": "Disable_Ribbon_Btn_Lowercase",
      "Setting_Value": "0"
    },
    {
      "Setting_Name": "Disable_Ribbon_Btn_MP3Player",
      "Setting_Value": "0"
    },
    {
      "Setting_Name": "Disable_Ribbon_Btn_Open",
      "Setting_Value": "0"
    },
    {
      "Setting_Name": "Disable_Ribbon_Btn_PageBreak",
      "Setting_Value": "0"
    },
    {
      "Setting_Name": "Disable_Ribbon_Btn_PageColour",
      "Setting_Value": "0"
    },
    {
      "Setting_Name": "Disable_Ribbon_Btn_PageMargins",
      "Setting_Value": "0"
    },
    {
      "Setting_Name": "Disable_Ribbon_Btn_PageRotation",
      "Setting_Value": "0"
    },
    {
      "Setting_Name": "Disable_Ribbon_Btn_PageSize",
      "Setting_Value": "0"
    },
    {
      "Setting_Name": "Disable_Ribbon_Btn_PageWidth",
      "Setting_Value": "0"
    },
    {
      "Setting_Name": "Disable_Ribbon_Btn_ParagraphMarkers",
      "Setting_Value": "0"
    },
    {
      "Setting_Name": "Disable_Ribbon_Btn_PreviousHistory",
      "Setting_Value": "0"
    },
    {
      "Setting_Name": "Disable_Ribbon_Btn_RemoveFormatting",
      "Setting_Value": "0"
    },
    {
      "Setting_Name": "Disable_Ribbon_Btn_Ruler",
      "Setting_Value": "0"
    },
    {
      "Setting_Name": "Disable_Ribbon_Btn_Save",
      "Setting_Value": "0"
    },
    {
      "Setting_Name": "Disable_Ribbon_Btn_Sentence",
      "Setting_Value": "0"
    },
    {
      "Setting_Name": "Disable_Ribbon_Btn_ShowLineNumbers",
      "Setting_Value": "0"
    },
    {
      "Setting_Name": "Disable_Ribbon_Btn_Spelling",
      "Setting_Value": "0"
    },
    {
      "Setting_Name": "Disable_Ribbon_Btn_Strikeout",
      "Setting_Value": "0"
    },
    {
      "Setting_Name": "Disable_Ribbon_Btn_Subscript",
      "Setting_Value": "0"
    },
    {
      "Setting_Name": "Disable_Ribbon_Btn_Superscript",
      "Setting_Value": "0"
    },
    {
      "Setting_Name": "Disable_Ribbon_Btn_Table",
      "Setting_Value": "0"
    },
    {
      "Setting_Name": "Disable_Ribbon_Btn_ToggleFullscreen",
      "Setting_Value": "0"
    },
    {
      "Setting_Name": "Disable_Ribbon_Btn_Underline",
      "Setting_Value": "0"
    },
    {
      "Setting_Name": "Disable_Ribbon_Btn_Updates",
      "Setting_Value": "0"
    },
    {
      "Setting_Name": "Disable_Ribbon_Btn_Uppercase",
      "Setting_Value": "0"
    },
    {
      "Setting_Name": "Disable_Ribbon_Btn_View100Percent",
      "Setting_Value": "0"
    },
    {
      "Setting_Name": "Disable_Ribbon_Btn_WordCount",
      "Setting_Value": "0"
    },
    {
      "Setting_Name": "Disable_Ribbon_Btn_ZoomIn",
      "Setting_Value": "0"
    },
    {
      "Setting_Name": "Disable_Ribbon_Btn_ZoomOut",
      "Setting_Value": "0"
    },
    {
      "Setting_Name": "Disable_Ribbon_CB_FontSelection",
      "Setting_Value": "0"
    },
    {
      "Setting_Name": "Disable_Ribbon_CB_SizeSelection",
      "Setting_Value": "0"
    },
    {
      "Setting_Name": "Disable_Ribbon_Toggle",
      "Setting_Value": "0"
    },
    {
      "Setting_Name": "Disable_SplashScreen",
      "Setting_Value": "0"
    },
    {
      "Setting_Name": "Disable_Status_Bar",
      "Setting_Value": "0"
    },
    {
      "Setting_Name": "Disable_Status_Bar_ShowZoomTrackBar",
      "Setting_Value": "0"
    },
    {
      "Setting_Name": "Disable_ToolTips",
      "Setting_Value": "0"
    },
    {
      "Setting_Name": "DisableFooterOnPrint",
      "Setting_Value": "0"
    },
    {
      "Setting_Name": "DisableHeaderOnPrint",
      "Setting_Value": "0"
    },
    {
      "Setting_Name": "Document_Paper_Margin_Bottom",
      "Setting_Value": "25"
    },
    {
      "Setting_Name": "Document_Paper_Margin_Left",
      "Setting_Value": "25"
    },
    {
      "Setting_Name": "Document_Paper_Margin_Right",
      "Setting_Value": "25"
    },
    {
      "Setting_Name": "Document_Paper_Margin_Top",
      "Setting_Value": "25"
    },
    {
      "Setting_Name": "Document_Paper_Size",
      "Setting_Value": "A4"
    },
    {
      "Setting_Name": "DoubleLineSpacingAtStartup",
      "Setting_Value": "1"
    },
    {
      "Setting_Name": "DoubleLineSpacingPrint",
      "Setting_Value": "1"
    },
    {
      "Setting_Name": "EnableGenericCoversheet",
      "Setting_Value": "0"
    },
    {
      "Setting_Name": "EncryptFiles",
      "Setting_Value": "0"
    },
    {
      "Setting_Name": "EncryptionKey",
      "Setting_Value": ""
    },
    {
      "Setting_Name": "ExamBoards",
      "Setting_Value": "AQA;CCEA;Pearson;OCR;WJEC;EDUQAS;City & Guilds;CAIE;SQA;Internal/Mocks;NCFE"
    },
    {
      "Setting_Name": "ExamCentreName",
      "Setting_Value": "Ardingly College"
    },
    {
      "Setting_Name": "ExamCentreNumber",
      "Setting_Value": "12345"
    },
    {
      "Setting_Name": "ExamDefaultBoard",
      "Setting_Value": ""
    },
    {
      "Setting_Name": "ExamDefaultCandidateName",
      "Setting_Value": ""
    },
    {
      "Setting_Name": "ExamDefaultCandidateNumber",
      "Setting_Value": ""
    },
    {
      "Setting_Name": "ExamSeriesText_CAIE",
      "Setting_Value": "May 2023"
    },
    {
      "Setting_Name": "ExamSeriesText_JCQ",
      "Setting_Value": "Summer 2023 (May/June Series)"
    },
    {
      "Setting_Name": "ExtraTimeFontColour",
      "Setting_Value": "255,0,0"
    },
    {
      "Setting_Name": "FooterDateTimeAppearance",
      "Setting_Value": "1"
    },
    {
      "Setting_Name": "FooterOffsetX",
      "Setting_Value": "0"
    },
    {
      "Setting_Name": "FooterOffsetY",
      "Setting_Value": "65"
    },
    {
      "Setting_Name": "ForceSave",
      "Setting_Value": "0"
    },
    {
      "Setting_Name": "HeaderOffsetX",
      "Setting_Value": "0"
    },
    {
      "Setting_Name": "HeaderOffsetY",
      "Setting_Value": "30"
    },
    {
      "Setting_Name": "LogOffComputerOnExit",
      "Setting_Value": "0"
    },
    {
      "Setting_Name": "MaskedInput_CandidateNumber",
      "Setting_Value": ""
    },
    {
      "Setting_Name": "MonitorUSBDevices",
      "Setting_Value": "1"
    },
    {
      "Setting_Name": "MonitorUSBDevices_ImgPath",
      "Setting_Value": "C:\\Support\\Images"
    },
    {
      "Setting_Name": "MP3Player_AdditionalAudioFormats",
      "Setting_Value": "0"
    },
    {
      "Setting_Name": "MP3Player_PreloadPath",
      "Setting_Value": ""
    },
    {
      "Setting_Name": "MP3Player_ShowOnStartup",
      "Setting_Value": "0"
    },
    {
      "Setting_Name": "MuteSystemAudio",
      "Setting_Value": "0"
    },
    {
      "Setting_Name": "Override_Option_ADGroup",
      "Setting_Value": ""
    },
    {
      "Setting_Name": "Override_Option_Name",
      "Setting_Value": ""
    },
    {
      "Setting_Name": "PasswordOnExit",
      "Setting_Value": ""
    },
    {
      "Setting_Name": "PreviousVersionsRecoveryMinutesDisplay",
      "Setting_Value": "60"
    },
    {
      "Setting_Name": "PrintCoverSheet",
      "Setting_Value": "1"
    },
    {
      "Setting_Name": "PrintCoverSheet_Form2_AfterDocumentPrint",
      "Setting_Value": "0"
    },
    {
      "Setting_Name": "PrintCoverSheet_Form4_AfterDocumentPrint",
      "Setting_Value": "0"
    },
    {
      "Setting_Name": "PrintFontColour",
      "Setting_Value": "0,0,0"
    },
    {
      "Setting_Name": "PrintFontFamily",
      "Setting_Value": "Calibri"
    },
    {
      "Setting_Name": "PrintFontSize",
      "Setting_Value": "12"
    },
    {
      "Setting_Name": "PrintNumCopies",
      "Setting_Value": "2"
    },
    {
      "Setting_Name": "SaveAs_NoOverwrite",
      "Setting_Value": "0"
    },
    {
      "Setting_Name": "SaveAsDOCX_NoOverwrite",
      "Setting_Value": "0"
    },
    {
      "Setting_Name": "SaveAsTXT_NoOverwrite",
      "Setting_Value": "0"
    },
    {
      "Setting_Name": "SaveWithoutPrompt",
      "Setting_Value": "0"
    },
    {
      "Setting_Name": "ScreenBackColour",
      "Setting_Value": "255,255,255"
    },
    {
      "Setting_Name": "ScreenFontColour",
      "Setting_Value": "0,0,0"
    },
    {
      "Setting_Name": "ScreenFontFamily",
      "Setting_Value": "Calibri"
    },
    {
      "Setting_Name": "ScreenFontSize",
      "Setting_Value": "12"
    },
    {
      "Setting_Name": "SignatureAppearance",
      "Setting_Value": "0"
    },
    {
      "Setting_Name": "SignatureStatement",
      "Setting_Value": ""
    },
    {
      "Setting_Name": "SkipDeleteOldVersionsCheck",
      "Setting_Value": "0"
    },
    {
      "Setting_Name": "SpellCheck_CheckAsYouType",
      "Setting_Value": "0"
    },
    {
      "Setting_Name": "SpellCheck_SpellingSuggestionsOnContextMenu",
      "Setting_Value": "0"
    },
    {
      "Setting_Name": "Startup_ForceCandidateInfoCompletion",
      "Setting_Value": "1"
    },
    {
      "Setting_Name": "Startup_FullscreenMode",
      "Setting_Value": "0"
    },
    {
      "Setting_Name": "Startup_SavePromptAfterCandidateInfoScreen",
      "Setting_Value": "0"
    },
    {
      "Setting_Name": "Startup_ShowCandidateInfoScreen",
      "Setting_Value": "1"
    },
    {
      "Setting_Name": "Update_CheckOnStartup",
      "Setting_Value": "0"
    },
    {
      "Setting_Name": "Update_ProxyPass",
      "Setting_Value": ""
    },
    {
      "Setting_Name": "Update_ProxyPort",
      "Setting_Value": ""
    },
    {
      "Setting_Name": "Update_ProxyServer",
      "Setting_Value": ""
    },
    {
      "Setting_Name": "Update_ProxyUser",
      "Setting_Value": ""
    },
    {
      "Setting_Name": "Update_UseProxy",
      "Setting_Value": "0"
    },
    {
      "Setting_Name": "Watermark_Enabled",
      "Setting_Value": "0"
    },
    {
      "Setting_Name": "Watermark_Text",
      "Setting_Value": ""
    }
  ]
}